texto,cluster,nome_cluster
saber resgate aviador americano irã notícias direitos autorais todos direitos reservados direitos autorais todos direitos reservados enquanto estados unidos afirmavam domingo resgataram militar desaparecido atrás linhas inimigas irão abateu caça televisão estatal iraniana transmitiu vídeo mostrando alegou serem partes aeronaves americanas faziam parte operação resgate militares país tinham abatido oficial inteligência regional informado missão disse militares eua explodiram dois aviões transporte devido defeito técnico nesta imagem fornecida pela sepahnews site oficial guarda revolucionária iraniana destroços são mostrados estatal irã alegou local avião transporte americano abatido dois helicópteros envolvidos operação resgate província isfahan irã abril sepahnews via nesta imagem fornecida pela sepahnews site oficial guarda revolucionária iraniana destroços são mostrados estatal irã alegou local avião transporte americano abatido dois helicópteros envolvidos operação resgate província isfahan irã abril sepahnews via nesta imagem fornecida sepahnews site oficial guarda revolucionária iraniana fumaça preta sobe estatal irã alegou local onde avião transporte americano dois helicópteros envolvidos operação resgate foram abatidos província isfahan irã abril sepahnews via estados unidos realizaram ousado resgate dois aviadores cujo caça jato abatido pelo irã retirando piloto trás linhas inimigas antes iniciar complicada extração segundo militar escondeu nas profundezas montanhas enquanto teerã pedia aos iranianos ajudassem capturá cia tentou despistar governo irão antes tripulante fosse encontrado lançando campanha fraudulenta espalhar notícia dentro república islâmica eua tinham localizado mesmo enquanto presidente donald trump outras autoridades eua descreviam missão quase cinematográfica equipes resgate enfrentaram grandes obstáculos incluindo dois helicópteros black hawk sendo atacados problemas dois aviões transporte forçaram militares eua explodi los esta primeira vez memória militar dois pilotos eua foram resgatados separadamente nas profundezas território inimigo escreveu trump manhã domingo plataforma truth social nunca deixaremos guerreiro americano trás num par publicações nas redes sociais trump disse operação fim semana exigiu eua permanecessem completamente silenciosos evitar comprometer esforço mesmo enquanto presidente principais membros administração monitorizavam continuamente localização aviador casa branca pentágono recusaram discutir publicamente detalhes caça abatido durante horas acidente inicial particularmente primeiro membro tripulação resgatado strike eagle esforço trump disse tarde levado sete horas plena luz dia irão estados unidos governo irão estavam então ambos correr encontrar segundo membro tripulação oficial sistemas armas cuja localização nenhum lados conhecia cia espalhou irão notícia eua tinham encontrado estavam transportá terra tirar país acordo alto funcionário administração trump falou sob condição anonimato discutir detalhes ainda tornados públicos confusão deu tempo cia descobrir localização militar estava escondido numa fenda montanha disse funcionário escalou pés metros apesar estar ferido disse senador dave mccormick republicano pensilvânia disse fox news sunday informado alto funcionário governo envolvido operação agência inteligência enviou coordenadas aviador pentágono casa branca onde trump ordenou rescisão operação sugestão entretanto âncora canal afiliado televisão estatal iraniana instou residentes região montanhosa sudoeste irão onde caça caiu entregar qualquer piloto inimigo polícia prometeu recompensa quem fizesse trump disse aviador americano estava sendo caçado inimigos chegavam cada vez perto cada hora estados unidos estavam monitorando localização continuamente disse momento certo disse trump ordenou militares enviassem dezenas aeronaves fortemente armadas resgatar tripulante presidente disse estar gravemente ferido recuperará mídia estatal iraniana informou ataques aéreos sudoeste irã sábado mataram pelo menos três pessoas feriram outras mesma área onde acredita tripulante americano desaparecido esteja missão resgate americana enfrentou grandes desafios atrás linhas inimigas comando militar conjunto irã afirmou atingido dois helicópteros black hawk eua participavam operação pessoa familiarizada situação disse dois helicópteros conseguiram navegar espaço aéreo seguro embora esteja claro pousaram membros tripulação ficaram feridos pessoa falou sob condição anonimato discutir informações confidenciais depois militares eua foram forçados trazer aeronaves adicionais completar resgate segundo militar devido avaria técnica acordo oficial inteligência regional informado missão eua explodiram dois aviões transporte foram forçados deixar trás devido acidente disse funcionário falou sob condição anonimato discutir missão secreta televisão estatal irã exibiu domingo vídeo mostrando alegou serem partes aeronave eua abatida pelas forças iranianas junto foto fumaça espessa preta subindo emissora disse irã abateu avião transporte dois helicópteros faziam parte operação resgate comando militar conjunto irão disse aeronaves destruídas incluíam dois aviões transporte militar dois helicópteros black hawk província isfahan onde ocorreu resgate facto termos conseguido realizar ambas operações único americano morto mesmo ferido apenas prova vez alcançámos domínio aéreo superioridade esmagadores céus iranianos disse trump nas redes sociais trump entanto mencionou segundo jato militar caiu mesmo dia mídia estatal iraniana disse sexta feira avião ataque eua caiu atingido pelas forças defesa irã autoridade eua falando sob condição anonimato discutir situação militar delicada confirmou segundo avião combate força aérea caiu oriente médio sexta feira piloto adicional eua resgatado detalhes estavam disponíveis devido preocupações segurança disse outra pessoa familiarizada situação nenhum dois forneceu informações inclusive era kim lee relataram washington magdy cairo escritores lisa mascaro konstantin toropin washington farnoush amiri nova iorque julia frankel jerusalém contribuíram este relatório direitos autorais todos direitos reservados,2,"Política, Governo e Eleições"
adeus cia world factbook manual referência agora extinto sob trump notícias direitos autorais todos direitos reservados direitos autorais todos direitos reservados selo agência central inteligência sede cia langley virgínia abril carolyn kaster arquivo diretor cia john ratcliffe escuta durante audiência comitê permanente inteligência câmara examinar ameaças mundiais quinta feira março capitólio washington tom brenner você frequentou escola algum momento administração nixon então provavelmente viu algum momento cia world factbook mapa manual referência planeta terra habitantes qual quase todos concordariam talvez você tenha lido partes dele disquete rom aquele projeto estudos sociais será entregue amanhã digitalizou lista países letónia porque país representará próxima semana modelo onu melhor ainda vagou pela terra imaginação enquanto segurava factbook físico nas próprias mãos desdobrando mapas compreendendo talvez pela primeira vez gesto polegar cima amigos mostram uns aos outros considerado insulto obsceno partes médio oriente europa argentina quem sabia factbook leitores fizeram seis décadas autores alguns melhores coletores informações mundo contribuíram milhares próprias fotos mantiveram banco dados atualizado online uso público gratuito razões apresentadas foram geopolíticas filosóficas estamos falar factos verdade factbook veio público elevadas declarações objectivos numa altura congresso revelava abusos cometidos pelas agências inteligência eua incluindo cia partilhamos estes factos povos todas nações crença conhecimento verdade sustenta funcionamento sociedades livres explicou própria cia nas páginas agência espionagem compartilha feb the trump administration abruptly shuttered this widely accepted account humanity and its flags nations customs militaries and borders cia enquadrou medida progresso agência cuja missão principal mudou grande onda tristeza surgiu fãs factbook muitos disseram lamentavam américa valorizava conhecimento alguns viram forças obscuras acção sob presidente cuja administração promoveu tempos guerra paz factos alternativos fiquem curiosos aconselhou cia afetuoso adeus factbook poderia acrescentado boa sorte descobrir verdade mundo selvagem frequentemente impreciso internet inteligência artificial décadas antes google tornar verbo cotidiano existia factbook história origem está enraizada ataque surpresa japonês pearl harbor falha inteligência eua inspirou abordagem coordenada recolher organizar informações inimigos américa nasceu joint army navy intelligence studies primeiro programa interdepartamental inteligência básica país especialistas segurança nacional concordaram condução paz envolve todos países todas actividades humanas apenas inimigo produção bélica nas palavras deles george pettee tarefa recolher informações básicas outros países atribuída recém criada cia segundo website agência guerra fria expôs necessidade contínua fonte única informações básicas oportunidade tornou factbook classificado lançado público quatro anos depois além tornar útil aos estudantes teve influência geopolítica factbook exibiu capacidades inteligência americanas antiga união soviética outros inimigos incluído nele poderia conferir legitimidade nação partido oposição era irónico agência fundada necessidade conhecer manter segredos estivesse partilhar tantos dados chamados inteligência básica público factbook provavelmente serviu impulsionar imagem pública cia colocar distância outras agências inteligência manchadas investigações congresso senador norte americano frank church idaho convocou painel realizou audiências públicas muitas delas televisionadas supervisão significativa agências inteligência segunda guerra mundial comité igreja relatou abusos generalizados parte cia irs agência segurança nacional fbi incluindo revelação jóias família cia tratava relato interno actividades ilegais cia espionagem activistas americanos plano assassinato contra fidel castro cuba tornaria cia world factbook tornou público ascendendo ferramenta pesquisa confiável frequentemente recomendada projetos classe nunca houve confirmação imprensa tenha inspirado ampla divulgação factbook fazê mesma altura correspondeu necessidade cia reabilitar marca cia renomeou publicação the world factbook entrou online cia descreveu representando tremendo culminar esforços algumas mentes analíticas brilhantes nosso país notícia fim factbook chocou apenas estudantes pesquisadores eua divulgado meios comunicação exterior história divulgada nas redes sociais usuários reddit apontando uns outros factbooks arquivados correndo configurar identificar outras fontes informação imparcial pudessem suficientes isabel altamirano professora assistente bibliotecária química universidade auburn alabama disse informação ainda está disponível será difícil encontrar bibliotecas universitárias exemplo oferecem recursos semelhantes aos estudantes obtêm acesso através mensalidades tão fácil porque estava tudo num lugar disse numa entrevista observando dia fevereiro viu notícia apressou eliminar factbook lista recursos alunos numa aula comunicação empresarial fundamentalmente disse analista factbook elaborado agência governamental agendas secretas métodos obscuros talvez nunca tivesse sido imparcial compiladores são nem pode esperar sejam neutros disse binoy kampmark professor estudos globais urbanos sociais royal melbourne institute technology austrália lamentar perda escreveu mail seria descabido factbook acrescentou poderia melhor guardado documento histórico última publicação fevereiro está desactualizada acordo versão arquivada sob irão chefe governo país ainda está listado líder supremo aiatolá ali khamenei khamenei morto março ataques eua israel mundo mudou vez desta vez factbook anotá direitos autorais todos direitos reservados,2,"Política, Governo e Eleições"
tribunal restabelece sentença milhões contra olp autoridade palestina notícias direitos autorais todos direitos reservados direitos autorais todos direitos reservados tribunal thurgood marshall estados unidos fica foley square outubro nova york mark lennihan arquivo nova iorque sentença milhões dólares contra autoridades palestinas restabelecida juízes apelação decisão suprema corte eua favor americanos mortos feridos ataques israel decisão tribunal apelações circuito eua surge década depois proferido pela primeira vez veredicto contra organização libertação palestina autoridade palestiniana alegando tribunais eua podiam considerar processos judiciais contra grupos estrangeiros ataques estrangeiro visassem estados unidos tribunal recurso restabeleceu decisão luz decisão supremo tribunal junho passado manteve lei promulgada pelo congresso permitir processos vítimas avançassem contra organização libertação palestina autoridade palestiniana concluímos sentença original demandantes deveria restabelecida conclusão consistente significado claro decisão suprema corte disseram juízes decisão datada março famílias nossos clientes estão aliviadas porque tribunal restabeleceu sentença exigir novo julgamento estão esperando tempo justiça seja feita disse advogado kent yalowitz mail nitsana darshan leitner outra advogada demandantes disse estar satisfeita decisão anos litígio vítimas processaram abrigo lei antiterrorismo sancionada abrir tribunais eua vítimas ataques terroristas internacionais vítimas famílias afirmam agentes palestinianos estiveram envolvidos nos ataques incitaram palestinos têm argumentado consistentemente casos deveriam permitidos nos tribunais americanos mails solicitando comentários foram enviados aos advogados réus domingo direitos autorais todos direitos reservados,1,"Justiça, Tribunal e Relações Internacionais"
baleia cinzenta juvenil encontrada morta rio willapa suspeita fome notícias direitos autorais todos direitos reservados direitos autorais todos direitos reservados esta foto fornecida pelo cascadia research collective mostra baleia cinzenta nadando rio willapa perto willapa bay washington quarta feira abril cascadia research collective via esta foto fornecida pelo cascadia research collective mostra baleia cinzenta nadando rio willapa perto willapa bay washington quarta feira abril cascadia research collective via baleia cinzenta juvenil surpreendeu residentes estado washington depois dela nadou quilômetros subindo pequeno rio encontrado morto funcionário grupo pesquisa mamíferos marinhos suspeita fome pode levado baleia novos locais caça medida população espécie diminui baleia descoberta sábado perto raymond washington rio willapa deságua oceano baía willapa várias baleias cinzentas estão atualmente baía migração primavera quilômetros locais nascimento baixa califórnia méxico norte locais alimentação alasca maior problema população baleias cinzentas parte oriental oceano pacífico tem enfrentado redução disponibilidade alimentos norte mares bering chukchi costa alasca disse john calambokidis biólogo pesquisador cascadia research collective domingo baleias cinzentas enfrentam grande crise cerne dela parece estar alimentar presas ártico disse agência pesca administração oceânica atmosférica nacional declarou evento incomum mortalidade baleias cinzentas orientais seja aquelas pacífico oriental final final envolveu encalhes baleias cinzentas durante período estendendo alasca méxico investigadores noaa fisheries concluíram causa preliminar foram mudanças localizadas ecossistema nas áreas alimentação baleias subárticas árticas levaram mudanças alimentação desnutrição diminuição taxas natalidade aumento mortalidade autoridades acreditavam população estava recuperar contagem recente mostrou vez disso declínio contínuo agência federal estimou havia cerca mil baleias cinzentas contagem baixa década muitas destas baleias cinzentas parecem emaciadas magras disse calambokidis migração norte normalmente período desafiante baleias cinzentas período longo passam comer forçando animais esgotar reservas nutricionais acontece muitas vezes vemos baleias cinzentas numa busca desesperada novas áreas alimentar disse calambokidis contexto provável esta baleia pesquisadores tentarão examinar baleia possivelmente segunda feira entrou bifurcação norte rio willapa quarta feira através baía cerca quilômetros sudoeste seattle moradores reuniram nas pontes longo rio apenas vislumbrar enorme mamífero inundaram redes sociais fotos vídeos dele expelindo pelo respiradouro embora baleia cinzenta parecesse magra estava comportando normalmente parecia nenhum ferimento disse organização fins lucrativos cascadia research collective postagem facebook organização estava dando baleia tempo espaço deixar rio conta própria pesquisadores tentaram encontrá sexta feira animal havia viajado rio acima águas eram navegáveis barco disse calambokidis direitos autorais todos direitos reservados,0,Tema Geral
caminhão tanque texas entra chamas colisão notícias direitos autorais todos direitos reservados direitos autorais todos direitos reservados caminhão tanque texas transportando gasolina explodiu incêndio manhã domingo depois colidir outro veículo derrubar linhas energia deixando motorista caminhão estado crítico fort worth texas caminhão tanque texas transportando gasolina explodiu incêndio domingo depois colidir outro veículo derrubar linhas energia deixando motorista caminhão estado crítico disseram autoridades fort worth caminhão rodas carregava galões gasolina começaram vazar depois caminhão saiu estrada perto posto gasolina linhas energia derrubadas provocaram incêndio volta disse porta voz corpo bombeiros fort worth craig trojacek motorista caminhão rodas estava tentando fazer tudo podia evitar gasolina escoasse estacionamento posto gasolina valero apagou disse trojacek motorista hospitalizado queimaduras ninguém ficou ferido disse trojacek bombeiros passaram horas borrifando água caminhão tanque usaram areia tentar conter gasolina disse bombeiros deixaram local volta vídeos incêndio mostram parece frente caminhão envolto chamas enquanto nuvens fumaça subiam testemunha bailey moss disse estava casa amigo próximo ouviu estrondo olhou fora fogo espalhou rapidamente era possível sentir calor mesmo distância intenso disse moss direitos autorais todos direitos reservados,1,"Justiça, Tribunal e Relações Internacionais"
administração trump publica mensagens páscoa celebrando ressurreição cristo notícias direitos autorais todos direitos reservados direitos autorais todos direitos reservados esta captura tela tirada site mídia social mostra postagem páscoa feita pela conta oficial departamento segurança interna foto pessoas partem culto oração nascer sol domingo páscoa lincoln memorial domingo abril washington rod lamkey esta captura tela tirada site mídia social mostra postagem páscoa feita pela conta oficial departamento estado vários presidentes anteriores emitiram declarações reconhecimento domingo páscoa este ano administração trump deu passo longe vários departamentos importantes gabinete anunciarem ressurreição cristo nas contas oficiais nas redes sociais ressuscitou declararam departamento segurança interna departamento estado departamento defesa compartilhou postagem secretário defesa pete hegseth túmulo está vazio promessa cumprida através sacrifício somos redimidos permanecemos firmes coragem verdade departamento justiça interveio hoje enquanto milhões cristãos reúnem nas igrejas todo país celebrar ressurreição cristo este departamento tem orgulho proteger defender liberdade religiosa afirmou postagens atraíram milhares comentários algumas pessoas expressaram alegria pela aceitação aberta cristianismo pelos departamentos outros ficaram indignados dizendo agências governamentais deveriam promover doutrina específica hegseth invoca frequentemente evangélica chefe forças armadas retratando nação cristã tentando derrotar inimigos poderio militar semana passada hegseth organizou primeiro culto cristão mensal pentágono início guerra irão cada rodada encontre alvo contra inimigos justiça nossa grande nação orou hegseth durante culto transmitido vivo lhes sabedoria cada decisão resistência provação terá pela frente unidade inquebrantável violência esmagadora ação contra aqueles merecem misericórdia trump numa declaração emitida sexta feira santa evocou guerra irão apenas indirectamente patriotas cristãos conquistaram garantiram nossa liberdade campo batalha todas gerações então amor cristo guiou infalivelmente nossa nação através águas calmas tempestades sombrias disse manhã domingo páscoa tom áspero num post cheio palavrões truth social exigiu irã abrisse estreito ormuz terça feira você estará vivendo inferno apenas assista louvado seja alá conselho relações americano islâmicas grupo defesa nacional respondeu atacando zombaria perturbada islão trump declarações são comuns vida pública americana todos partidos políticos tradições religiosas assessores pentágono defensores hegseth citam exemplos história apoio presidente franklin roosevelt distribuição bíblias tropas tradição geral amplamente seguida longo décadas tem sido presidentes administrações honrem separação constitucional igreja estado evitem claro favorecimento detrimento outras presidentes usaram vários tons mensagens páscoa republicano george bush celebrou explicitamente ressurreição cristo republicano ronald reagan democrata barack obama vezes emitiram mensagens reconhecendo tanto páscoa páscoa cobertura religiosa recebe apoio através colaboração the conversation financiamento lilly endowment inc direitos autorais todos direitos reservados,2,"Política, Governo e Eleições"
autoridades investigam relatos tiros perto parque lafayette washington notícias direitos autorais todos direitos reservados direitos autorais todos direitos reservados guindastes usados construir novo salão baile casa branca são vistos redor casa branca sábado abril washington julia demaree nikhinson washington serviço secreto eua disse domingo estava investigando relatos tiroteios noturnos perto parque lafayette fica outro lado rua casa branca nenhum ferimento relatado nenhum suspeito encontrado busca parque arredores depois meia noite disse agência post online presidente donald trump estava passando fim semana casa branca fez comentários imediatos incidente operações casa branca continuaram normais segurança área reforçada segundo serviço secreto parque cercado semanas reformas serviço secreto disse estava trabalhando polícia distrito columbia polícia parques eua direitos autorais todos direitos reservados,1,"Justiça, Tribunal e Relações Internacionais"
jogos curiosidades happy hours ajudam impulsionar campanha platner senado maine notícias direitos autorais todos direitos reservados direitos autorais todos direitos reservados graham platner recusou abandonar corrida senado eua maine continuou atrair apoiantes dispostos perdoar transgressões passadas abraçar entusiasmo mensagem populista vídeo robert bukaty patrick whittle caleb jones dave harvey participa noite curiosidades apoiadores candidato senado eua graham platner quinta feira março kittery maine robert bukaty candidato senado graham platner reconhece grande multidão compareceu prefeitura platner setembro bunker brewing portland maine daryn slover portland press herald via file joanie monteith lidera noite curiosidades apoiadores candidato senado eua graham platner quinta feira março kittery maine robert bukaty avery seuter fala colega apoiador candidato senado eua graham platner durante noite perguntas respostas tema platner quinta feira março kittery maine robert bukaty esta combinação fotos mostra governadora democrata janet mills janeiro augusta maine esquerda candidato democrata senado eua graham platner novembro sullivan maine centro senadora susan collins maine março washington direita kittery maine muitas perguntas graham platner candidato democrata pela primeira vez concorrendo senado eua maine agora fazem parte jogo perguntas respostas qual natureza controvérsia tatuagem graham recebeu enquanto estava marinha mestre cerimônias perguntou recentemente centro comunitário local resposta alegado era tatuagem neonazista totenkopf esta nova forma realizar investigação oposição sim evento oficial campanha apoiantes platner mostrou criador ostras veterano militar anos capitalizou vontade eleitores perdoar transgressões passadas abraçar mensagem populista platner enfrentará governadora janet mills nas primárias junho vencedora enfrentando senadora republicana susan collins disputa pode ajudar determinar controle senado campanha graham platner deu lugar colocar minha energia forma positiva disse beth knight professora anos participou noite perguntas respostas kittery pequena cidade costeira fronteira new hampshire acredito tem verdadeira história redenção participantes beberam refrigerante comeram biscoitos enquanto ouviam dropkick murphys banda punk boston platner gosta alguns pareciam saber candidato praticamente desconhecido ano passado nome cachorro nome bar onde trabalhou capital país perguntas estava quais características fazem graham melhor candidato vencer susan collins opções era bonito tem voz profunda resposta correta jogo era cresceu indivíduo honesto mills agora segundo mandato apoiada pelo líder partido senado chuck schumer nova iorque outros democratas dizem demasiado arriscado apoiar candidato testado platner maine tem populações eleitorais antigas país eleitores muitas vezes elegem políticos reputação serem moderados platner entusiasmou alguns apoiantes mensagem antiestablishment campanha acredita poderá levá vitória grupo específico graham identificou principal inimigo vídeo lançamento campanha mestre cerimônias perguntou noite curiosidades resposta oligarquia bilionários platner centrou campanha questões acessibilidade habitação cuidados saúde grande parte cobertura noticiosa centrou comportamento passado tem sido perseguido perguntas crânio tatuagem ossos cruzados lembra símbolo nazista disse feito durante noite bebedeira enquanto estava licença militar croácia platner afirmou época sabia imagem estava associada aos nazistas então cobriu tatuagem desenho diferente tem havido questões persistentes comentários inflamados fez antigas postagens online então rejeitou recentemente questionado convidado podcast apresentado nate cornacchia boina verde aposentado acusado anti semitismo enquanto platner continua enchendo teatros salas reuniões comícios anúncio campanha agosto final março platner hospedou prefeituras todo maine campanha acusou mills collins defenderem nada eventos incluem angariação tradicional treinamento serviços bancários telefone bem happy hours cervejarias confecção cartazes antes protestos kings ampla presença aumentou visibilidade platner exemplo mesma noite campanha acolheu recente jogo perguntas respostas kittery platner estava quilómetros distância numa câmara municipal fort kent extremo norte estado está trazendo energia querer criar algo nesta corrida ganhando perdendo quer criar conexão duradoura comunidades onde pessoas possam reunir possam realmente conversar vizinhos cara cara novamente disse megan smith organizadora comunitária maine people alliance grupo defesa apoiou platner campanhas mills collins rejeitaram ideia platner acessível aos eleitores ambas citaram intensa carga trabalho candidato autoridade eleita única democrata vencer todo estado anos eleitores confiam janet mills sabem única candidata proporcionou progresso povo maine veem liderando nosso estado todos dias disse porta voz campanha mills tommy garcia porta voz collins blake kernen disse prefeituras são frequentemente organizadas grupos partidários dinheiro obscuro prefere reuniões grupos menores vez realizar reuniões municipais onde poucas pessoas podem falar nível civilidade muitas vezes tão alto disse momento platner gastou significativamente mills publicidade entrou corrida agosto milhões comparação milhão mills acordo análise recente adimpact gastos ocorrem medida campanha intensifica medida primárias aproximam mills lançou recentemente vídeo qual mulheres liam algumas antigas postagens platner nas redes sociais rejeitavam agressão sexual defensores platner parecem preocupados aumento atenção argumentando democratas estão dispostos eleger candidatos sejam honestos erros passado façam esforço mostrar mudaram neste ambiente onde temos pessoas donald trump cargos públicos fizeram coisas terríveis apetite partido democrata pessoas sejam apenas puramente polidas tenham estado vias eleições durante toda vida disse senador martin heinrich democrata novo méxico apoiou platner smith organizador comunitário disse alguns eleitores irritam suposição pessoas fora schumer sabem melhor habitantes maine mainers são meio teimosos gostamos nos digam fazer disse estão entusiasmados participação democratas nossas primárias ainda assim platner terá superar precedentes históricos vencer mills historicamente tem havido inclinação eleitores democratas nas primárias maine escolher candidato conhecido disse michael franz professor governo bowdoin college muitas vezes trata candidato velho está cargo algum tempo franz descreveu platner tipo candidato alto risco alta recompensa pode acabar sendo nova figura nacional captura todos chamar atenção for eleito senado disse pode apenas candidato todos pensaram poderia surgir nada acabou obtendo apenas votos kruesi relatou providence redator joey cappelletti washington contribuiu este relatório direitos autorais todos direitos reservados,2,"Política, Governo e Eleições"
hungria cortará fornecimento gás natural ucrânia causa disputa petrolífera russa notícias direitos autorais todos direitos reservados direitos autorais todos direitos reservados primeiro ministro hungria viktor orban chega cimeira edifício conselho europeu bruxelas quinta feira março geert vanden wijngaert budapeste hungria hungria cortará gradualmente fornecimento gás ucrânia entregas petróleo russo sejam retomadas através oleoduto druzhba disse primeiro ministro viktor orbán quarta feira trânsito gás natural através hungria desempenha papel fundamental satisfação necessidades energéticas ucrânia agora quarto ano guerra rússia fornecimento petróleo russo hungria eslováquia interrompido durante quase dois meses depois autoridades ucranianas dizem sido ataques drones russos danificaram oleoduto atravessa território ucraniano ataques contínuos colocam risco vida técnicos tentam repará líderes populistas hungria eslováquia acusaram ucrânia atrasar deliberadamente entregas russas presidente volodymyr zelenskyy disse início deste mês está relutante permitir petróleo russo continue transitar pelo país num vídeo publicado nas redes sociais quarta feira orbán chamou paralisação petróleo russo chantagem ucraniana acrescentando enquanto ucrânia fornecer petróleo receberá gás hungria acrescentou hungria usaria gás preencher próprias reservas houve comentários imediatos kiev porta voz governo húngaro respondeu pedido comentário ucrânia importa parte importante necessidades gás através hungria representando cerca todas importações gás ano passado acordo consultora energética ucraniana expro número caiu janeiro anúncio orbán recente série medidas retaliatórias hungria tomou resposta interrupção fluxos petróleo russo semana passada orbán amplamente visto maior defensor kremlin bloqueou empréstimo mil milhões euros mil milhões dólares ucrânia devido interrupções prometeu vetar quaisquer outras decisões pró ucrânia fluxos petróleo sejam retomados líder húngaro cessou anteriormente envios gasóleo ucrânia vetou nova ronda sanções contra rússia entretanto enquanto enfrenta desafio precedentes adversário centro direita nas eleições próximo mês orbán intensificou agressiva campanha anti ucrânia chamando país inimigo hungria acusando zelenskyy tentar provocar crise energética influenciar votação abril enviou forças militares locais importantes infra estruturas energéticas toda hungria acusando ucrânia planear perturbações fornecendo provas hungria eslováquia receberam isenção temporária política união europeia proíbe importações petróleo russo moscovo lançou guerra ucrânia fevereiro copyright the todos direitos reservados,3,Guerra Rússia-Ucrânia e Energia
